id ,username,fullname,email,haspassword
1,user1,Ahmed Mohamed ,Ahmed Mohamed@gmail.com,12345678
2,user2, Leila Said, Leila Said@gmail.com,21345678
3,user3,Omar Ali   ,Omar Ali@gmail.com,32145678
4,user4,Sara Hussein  ,Sara Hussein@gmail.com,43215678
5,user5,Fatima Jamal ,Fatima Jamal@gmail.com,54321678
6,user6,Khaled Youssef ,Khaled Youssef@gmail.com,65432178
7,user7,Nourah Suleiman,Nourah Suleiman@gmail.com,76543218
8,user8, Youssef Adel , Youssef Adel@gmail.com,87654321
9,user9,Mona Said  ,Mona Said@gmail.com,98765432
10,user10, Rami Ibrahim, Rami Ibrahim@gmail.com,91235679
11,so,esraaabdelmohsen,esraaabdeelmohsen@gmail.com,22223333
