id,username,fullname,email,haspassword
201,user25, Basma Fawzi, BasmaFawzi@gmail.com,12345678
202,user26, Zain Al-Abidin, ZainAl-Abidin@gmail.com,98765432
203,user27, Jad Said , JadSaid@gmail.com,87877777
204,user28,Rana Sharif ,RanaSharif@gmail.com,65644443
205,user29,Nabil Taha,NabilTaha@gmail.com,54321234
206,user30, Souad Noor, SouadNoor@gmail.com,23453333
207,user31,Tarek Abdullah ,TarekAbdullah@gmail.com,45678966
208,user32,Shaima Ahmed,ShaimaAhmed@gmail.com,34563456
209,user33,Hani Kamal,HaniKamal@gmail.com,76547654
210,user34,Zainab Mohamed ,Zainab Mohamed@gmail.com,34566543
,,,,
,,,,
,,,,
,,,,
,,,0,
